{
    "daldalso": {
        "clientID": "",
        "clientSecret": "",
        "callbackURL": "/login/daldalso/callback"
    }, "naver": {
        "clientID": "",
        "clientSecret": "",
        "callbackURL": "/login/naver/callback"
    }, "facebook": {
        "clientID": "",
        "clientSecret": "",
        "callbackURL": "/login/facebook/callback"
    }, "google": {
        "clientID": "",
        "clientSecret": "",
        "callbackURL": "/login/google/callback"
    }, "twitter": {
        "consumerKey": "",
        "consumerSecret": "",
        "callbackURL": "/login/twitter/callback"
    }, "kakao": {
        "clientID": "",
        "callbackURL": "/login/kakao/callback"
    }, "discord": {
        "clientID": "",
		"clientSecret": "",
        "callbackURL": "/login/discord/callback"
    }, "twitch": {
        "clientID": "",
		"clientSecret": "",
        "callbackURL": "/login/twitch/callback"
    }, "github": {
        "clientID": "",
		"clientSecret": "",
        "callbackURL": "/login/github/callback"
    }, "line": {
        "clientID": "",
		"clientSecret": "",
        "callbackURL": "/login/line/callback"
    }, "instagram": {
        "clientID": "",
		"clientSecret": "",
        "callbackURL": "/login/instagram/callback"
    }, "spotify": {
        "clientID": "",
		"clientSecret": "",
        "callbackURL": "/login/spotify/callback"
    }
}
