{
	"ADMIN": [ "Input admin id here" ],
	"MAIN_PORTS": [ 8080 ],
	"GAME_SERVER_HOST": "127.0.0.2",
	"KKUTUHOT_PATH": "/kkutu/data/kkutuhot.json",
	"PASS":"Your password for management Here",
	"PG_HOST": "localhost",
	"PG_USER": "postgres",
	"PG_PASSWORD": "Your PostgreSQL Password Here",
	"PG_PORT": 5432,
	"PG_DATABASE": "main",
	"GOOGLE_RECAPTCHA_TO_GUEST": false,
	"GOOGLE_RECAPTCHA_TO_USER": false,
	"GOOGLE_RECAPTCHA_SITE_KEY": "Your Google Recaptcha site key Here",
	"GOOGLE_RECAPTCHA_SECRET_KEY": "Your Google Recaptcha secret key Here",
	"IS_SECURED": false,
	"SSL_OPTIONS": {
		"PRIVKEY": "Your SSL Private Key Here",
		"CERT": "Your SSL Certificate Here",
		"CA": "Your SSL CA-Bundle Here",
		"PFX": "Your PFX Bundle Here",
		"isPFX": false,
		"isCA": false
	},
	"USER_BLOCK_OPTIONS": {
		"USE_MODULE": false,
		"USE_X_FORWARDED_FOR": false,
		"BLOCK_IP_ONLY_FOR_GUEST": true,
		"DEFAULT_BLOCKED_TEXT": "관리자에 의해 서비스 이용이 제한되었습니다.",
		"BLOCKED_FOREVER": "영구 이용제한"
	}
}
